{"class_map": {"valid": [{"class": "cattle", "map@50:95": 0.8424829027470573, "map@50": 0.9655315706949283, "precision": 0.9354747417574643, "recall": 0.9213509244634396, "f1_score": 0.9283591171858543}, {"class": "all", "map@50:95": 0.8424829027470572, "map@50": 0.9655315706949283, "precision": 0.9354747417574643, "recall": 0.9213509244634396, "f1_score": 0.9283591171858543}]}, "map": 0.9655315706949283, "precision": 0.9354747417574643, "recall": 0.9213509244634396, "f1_score": 0.9283591171858543}