{"class_map": {"valid": [{"class": "cattle", "map@50:95": 0.836298140719469, "map@50": 0.9645611584977665, "precision": 0.9367418498862775, "recall": 0.9183777757130911, "f1_score": 0.9274689186019236}, {"class": "all", "map@50:95": 0.8362981407194691, "map@50": 0.9645611584977665, "precision": 0.9367418498862775, "recall": 0.9183777757130911, "f1_score": 0.9274689186019236}]}, "map": 0.9645611584977665, "precision": 0.9367418498862775, "recall": 0.9183777757130911, "f1_score": 0.9274689186019236}